id,question_category,person_id,human_answers,ai_answers,semantic_similarity_score,overall_simulation_match_score,content_f1,unsupported_addition_rate,omission_rate,main_failure_type,content_comparison_summary
3,shopping behavior,g_human,i almost always get all my personal care products (which are being close to being empty) when doing grocery shopping in my nearest full-service supermarket. this feels the most convenient and time-efficient to me.,"i typically purchase my personal care products from the supermarket it's convenient, and i can easily find the brands i recognize and trust plus, i like to see the product sizes and designs before buying",0.8491313457489014,2,0.55,0.4,0.5,unsupported additions,"The AI answer preserved 50% of the human's original content, accurately capturing the typical purchase of personal care products from a supermarket due to convenience. However, it omitted several specific details and reasons, such as the trigger for purchase (items being empty), the context of grocery shopping, and the time-efficiency aspect. The AI also introduced new reasons for shopping at the supermarket, including finding recognized brands and the preference to see product sizes and designs, which were not supported by the human's original statement."
5,product preferences,s_human,"for my face i mostly use korean products like 'some by me', 'axis-y', 'beauty of joseon' for sunscreen.","i mostly buy skincare products from korean brands like 'some by mi' for their aha, bha, pha toner, and axis-y for their niacinamide serum because they work well for my oily, acne-prone skin i also use sunscreen by beauty of joseon since it feels light and effective these brands are transparent about their ingredients and have natural, organic options that i prefer",0.842139482498169,2,0.57,0.6,0.0,changed reasoning,"The AI answer fully preserves all the brands mentioned by the human, including the specific product type for one brand (sunscreen). However, the AI adds a significant amount of new information, including specific product names for two brands and several reasons/preferences (e.g., suitability for oily/acne-prone skin, transparency, natural/organic options) that were not stated in the human's original answer. This leads to high recall but low precision due to the numerous unsupported additions."
30,shopping behavior,g_human,"when buying a new product in the past, i think i mainly discovered them unintentionally when being in the personal care section of a supermarket. i think i could be influenced by the design of the product and whether i recognize the brand.","i mostly come across new products by chance when i’m shopping or if a friend mentions something they like. if it seems practical, within my usual budget, and doesn’t have a scent or texture i dislike, i might pick it up to see how it works.",0.8084865808486938,1,0.25,0.714,0.6,major mismatch,"The AI answer preserves a small portion of the human's stated discovery method, specifically that it happens 'by chance' while 'shopping' (though the location is generalized). However, it omits the human's specific influences (product design, brand recognition) and the past context of discovery. The AI introduces several new discovery methods (friend's mentions) and influence factors (practicality, budget, scent/texture) that were not present in the human's response, leading to a high unsupported addition rate."
2,shopping behavior,s_human,"i usually order my face products online from yesstyle page that has the korean skin products i need, but then when it comes to body shampoo i go to supermarkets or drugstores like dm.","i typically purchase my personal care products from online stores like yesstyle and soko glam because they offer a wide range of korean skincare brands and provide detailed ingredient lists i also appreciate that they often include free samples, which lets me try new products before committing plus, their transparency and reliability make me feel confident in my choices 😊",0.7980625033378601,1,0.4615384615384616,0.625,0.4,changed behavior,"The AI answer preserves some key details about online purchases for face products from YesStyle and the reason for Korean skincare. However, it completely omits the human's stated behavior of buying body shampoo from physical stores like supermarkets or drugstores (e.g., dm). The AI also introduces several new reasons and preferences not mentioned by the human, such as Soko Glam, detailed ingredient lists, free samples, trying new products, and feelings about transparency/reliability."
18,product preferences,g_human,"its rather likely that my toothpaste brand changed when i bought a new toothpaste last week since i don't really pay attention to the toothpaste brands. however, i think that i'm usually rotating between 2-3 toothpaste brands (e.g., colgate, elmex, blend-a-med)","i've been using my current brand of toothpaste for several years now the last time i switched brands was because of a recommendation from a friend, but i quickly went back to my usual one since it works well for me i prefer sticking to what i know is reliable",0.7954841256141663,1,0.0,0.4,0.5,major mismatch,"The AI's answer completely contradicts the human's statements regarding toothpaste brand usage. The human indicates a lack of attention to brands, a recent brand change, and a habit of rotating between several brands, even providing specific examples. In contrast, the AI fabricates a narrative of long-term use of a single brand, a past switch due to a friend's recommendation, and a preference for sticking to reliable brands. No content from the human answer was preserved; instead, the AI generated an entirely different and contradictory response."
17,product preferences,s_human,"i do not care much about toothpaste brand, my boyfriend buys those in the drugstore close by. i just want it to feel fresh and have the right texture, i do care about the ingredients tho.",i've been using my current brand of toothpaste for about two years now the last time i switched brands was because i wanted something with more natural ingredients and better effectiveness i always look for transparency in the ingredients and how well the product works for me 😊,0.7871174216270447,1,0.125,0.5,0.6,major mismatch,"The AI answer largely invents details and preferences not present in the human's response. The human explicitly stated indifference to toothpaste brand, which the AI contradicts by providing specific usage duration and detailed preferences. Several specific preferences mentioned by the human (boyfriend buys, fresh feel, right texture) are entirely omitted. The only aspect partly preserved is the human's general care for ingredients, which the AI elaborates on with specific (but unstated by human) details like 'natural ingredients' and 'transparency'. The AI also adds general preferences for 'effectiveness' and 'how well the product works' and an emoji, none of which are supported by the human's answer."
27,brand loyalty,g_human,"i don't have a favorite personal care brand, so I can't answer what factors influence my loyalty. my generic answer would be high quality products with fair pricing.","i don’t really have a single favorite brand, but if i happen to like one and it stays easy to find and reasonably priced, i usually stick with it. convenience, price, and whether i’ve had any issues using it before are the main reasons i keep buying the same product.",0.7660049200057983,2,0.4285714285714285,0.625,0.5,unsupported additions,"The human states they don't have a favorite brand and therefore can't answer about loyalty factors, but offers a 'generic answer' of 'high quality products with fair pricing.' The AI also states it doesn't have a favorite brand, but then proceeds to list factors influencing loyalty in a hypothetical scenario. It preserves 'fair pricing' (as 'reasonably priced' and 'price') but misses 'high quality products.' It adds new factors like 'easy to find,' 'convenience,' and 'no issues using it before.' The AI directly contradicts the human's statement about being unable to answer."
16,product preferences,c_human,"since forever, my mum used to buy them and i just continued to buy them, so something like 10 years? i did never have a specific reason to switch toothpase brands.",i've been using my current brand of toothpaste for a few years now the last time i switched brands was because i wanted a product with better ingredients i prefer to stick with what works and avoid unnecessary changes,0.742094874382019,1,0.14,0.5,0.4,changed behavior,"The AI answer fails to preserve several key details from the human response. It omits the human's vague duration ('since forever') and the specific detail about their mother's influence. The AI also contradicts the human's stated duration (10 years vs. a few years) and invents a reason for switching toothpaste brands, directly opposing the human's claim of never having a specific reason. While the AI implies continuation of brand use, it attributes this to a preference for consistency rather than the human's implied inertia. Overall, the AI introduces significant unsupported information and changes the core meaning of the human's answer regarding brand loyalty and switching behavior."
21,product preferences,g_human,"since i've never spent effort on investigating ingredients of a body wash, i don't have an answer to what ingredients should be in my perfect body wash. regarding other features, it should smell good and shouldn't impact the dryness of my skin in a negative way (ideally it effects it in a positive way)","i’d love a body wash that blends real peppermint extract for a cool, refreshing feel with shea butter for deep moisture. a mild, herbal fragrance would keep it invigorating yet not overpowering. i’d also prefer a refillable pump bottle for convenience and to reduce waste—so it’s both a pleasant daily ritual and a more eco-friendly choice.",0.732721209526062,1,0.3,0.8,0.2,unsupported additions,"The AI successfully preserved the human's preferences regarding a good smell and positive impact on skin moisture. However, it significantly failed to recall the human's explicit statement about not having preferences for specific ingredients, instead inventing several. The AI also introduced numerous unsupported details about specific ingredients, their effects, and packaging preferences (refillable bottle, convenience, waste reduction). This resulted in a low content recall for the human's meta-statements about ingredients and a low precision due to the high volume of unsupported additions."
13,influences,c_human,"it would need to be a well-known celebreity, probably starring in movies which is handsome and lean. maybe something like jacob elordi or christian bale.","i'd choose emma watson she's known for her practical approach to personal care, advocates for sustainability, and uses products with non-harmful ingredients her consistency and health-conscious choices align with my values",0.7201094031333923,1,0.0,1.0,0.2,major mismatch,"The AI's answer completely changed the celebrity choice from the human's implied male, handsome, lean, movie-starring examples (Jacob Elordi, Christian Bale) to Emma Watson. It also introduced entirely new reasons for the choice (practical approach, sustainability, non-harmful ingredients, health-conscious choices, alignment with values) that were not mentioned by the human. The human's expression of uncertainty was also omitted. Overall, the AI's answer is almost entirely unsupported by the human's specific preferences and details, leading to very low recall and precision."
8,product preferences,s_human,"for body wash, i would go with a big size as it is more efficient, but glass bottle and transparent, minimalistic.","for a body wash, i prefer a 250-300 ml glass bottle with a pump dispenser for ease of use the packaging should be clean and clear, with detailed ingredient information and usage instructions natural and organic ingredients are a must, and the design should be practical and informative",0.7073741555213928,2,0.31,0.67,0.4,unsupported additions,"The AI answer preserved some key preferences like 'glass bottle' and 'transparent/clear packaging'. However, it contradicted the human's preference for a 'big size' by specifying a small-to-medium volume (250-300ml). The AI also omitted the human's reason for a big size ('more efficient') and their preference for a 'minimalistic' design. Furthermore, the AI introduced several new preferences not mentioned by the human, such as a pump dispenser, ease of use, detailed information, usage instructions, and natural/organic ingredients, leading to a high unsupported addition rate."
6,product preferences,g_human,i'm actually not 100%% confident of the branding of my current body lotion. i think the current bottle is from niveau and the previous one was a cost-efficient discounter (no-name) brand.,i usually buy nivea for skincare and body wash products because they are reliable and have been effective for me over time i also sometimes pick up no-name brands if they have a good price-to-performance ratio i prefer sticking to what i know works well and fits into my routine,0.701133668422699,1,0.43,0.4,0.33,unsupported additions,"The AI answer preserves the mention of Nivea and no-name brands, including the 'cost-efficient' aspect. However, it significantly changes the human's stated uncertainty about Nivea into a confident, regular buying habit. The AI also introduces new reasons for brand choice (reliability, effectiveness, general preference for what works) that were not present in the human's original answer. The human's uncertainty about their current brand is entirely omitted."
