id,question_category,human_answers,ai_answers,semantic_similarity_score,overall_simulation_match_score,main_failure_type,short_summary
3,shopping behavior,i almost always get all my personal care products (which are being close to being empty) when doing grocery shopping in my nearest full-service supermarket. this feels the most convenient and time-efficient to me.,"i typically purchase my personal care products from the supermarket it's convenient, and i can easily find the brands i recognize and trust plus, i like to see the product sizes and designs before buying",0.8491313457489014,2,unsupported additions,The AI correctly identifies the purchase location and one reason (convenience) but introduces new preferences and reasons not mentioned by the human. It also omits several specific details from the original answer.
5,product preferences,"for my face i mostly use korean products like 'some by me', 'axis-y', 'beauty of joseon' for sunscreen.","i mostly buy skincare products from korean brands like 'some by mi' for their aha, bha, pha toner, and axis-y for their niacinamide serum because they work well for my oily, acne-prone skin i also use sunscreen by beauty of joseon since it feels light and effective these brands are transparent about their ingredients and have natural, organic options that i prefer",0.842139482498169,2,changed reasoning,"The AI correctly identified the brands but invented all reasoning, specific product details, skin type, and additional preferences, significantly altering the original brief and factual human response. The style and level of detail are also mismatched."
30,shopping behavior,"when buying a new product in the past, i think i mainly discovered them unintentionally when being in the personal care section of a supermarket. i think i could be influenced by the design of the product and whether i recognize the brand.","i mostly come across new products by chance when i’m shopping or if a friend mentions something they like. if it seems practical, within my usual budget, and doesn’t have a scent or texture i dislike, i might pick it up to see how it works.",0.8084865808486938,1,major mismatch,"The AI significantly changes the human's stated preferences and reasoning for trying new products, introducing multiple unsupported details and behaviors. While the style is somewhat similar, the core content is a poor match."
2,shopping behavior,"i usually order my face products online from yesstyle page that has the korean skin products i need, but then when it comes to body shampoo i go to supermarkets or drugstores like dm.","i typically purchase my personal care products from online stores like yesstyle and soko glam because they offer a wide range of korean skincare brands and provide detailed ingredient lists i also appreciate that they often include free samples, which lets me try new products before committing plus, their transparency and reliability make me feel confident in my choices 😊",0.7980625033378601,1,changed behavior,The AI answer significantly changes the human's purchasing behavior by omitting in-store purchases for body shampoo and inventing multiple new reasons and preferences for online shopping.
18,product preferences,"its rather likely that my toothpaste brand changed when i bought a new toothpaste last week since i don't really pay attention to the toothpaste brands. however, i think that i'm usually rotating between 2-3 toothpaste brands (e.g., colgate, elmex, blend-a-med)","i've been using my current brand of toothpaste for several years now the last time i switched brands was because of a recommendation from a friend, but i quickly went back to my usual one since it works well for me i prefer sticking to what i know is reliable",0.7954841256141663,1,major mismatch,"The AI completely misrepresents the human's toothpaste brand usage, switching behavior, preferences, and reasons. It invents a narrative of long-term brand loyalty and a specific reason for switching that contradicts the human's stated lack of attention to brands and rotational buying habits."
17,product preferences,"i do not care much about toothpaste brand, my boyfriend buys those in the drugstore close by. i just want it to feel fresh and have the right texture, i do care about the ingredients tho.",i've been using my current brand of toothpaste for about two years now the last time i switched brands was because i wanted something with more natural ingredients and better effectiveness i always look for transparency in the ingredients and how well the product works for me 😊,0.7871174216270447,1,major mismatch,"The AI completely invents a personal history of toothpaste usage and brand switching, directly contradicting the human's statement that her boyfriend buys the toothpaste and she doesn't care about the brand. It also introduces new preferences and reasons not present in the original answer."
27,brand loyalty,"i don't have a favorite personal care brand, so I can't answer what factors influence my loyalty. my generic answer would be high quality products with fair pricing.","i don’t really have a single favorite brand, but if i happen to like one and it stays easy to find and reasonably priced, i usually stick with it. convenience, price, and whether i’ve had any issues using it before are the main reasons i keep buying the same product.",0.7660049200057983,2,unsupported additions,"The AI correctly identifies that the human doesn't have a favorite brand but then proceeds to invent hypothetical loyalty factors and preferences, which the human explicitly stated they couldn't provide. It misses 'high quality' from the human's generic answer and adds new factors."
16,product preferences,"since forever, my mum used to buy them and i just continued to buy them, so something like 10 years? i did never have a specific reason to switch toothpase brands.",i've been using my current brand of toothpaste for a few years now the last time i switched brands was because i wanted a product with better ingredients i prefer to stick with what works and avoid unnecessary changes,0.742094874382019,1,changed behavior,"The AI invents a past brand switch and a reason for it, directly contradicting the human's statement that they never had a specific reason to switch. It also changes the duration of use and omits the detail about the mum."
21,product preferences,"since i've never spent effort on investigating ingredients of a body wash, i don't have an answer to what ingredients should be in my perfect body wash. regarding other features, it should smell good and shouldn't impact the dryness of my skin in a negative way (ideally it effects it in a positive way)","i’d love a body wash that blends real peppermint extract for a cool, refreshing feel with shea butter for deep moisture. a mild, herbal fragrance would keep it invigorating yet not overpowering. i’d also prefer a refillable pump bottle for convenience and to reduce waste—so it’s both a pleasant daily ritual and a more eco-friendly choice.",0.732721209526062,1,unsupported additions,"The AI completely failed to simulate the human's explicit statement about not having specific ingredient preferences, instead inventing detailed ingredients, features, and reasons not mentioned by the human. It also changed the response style significantly."
13,influences,"it would need to be a well-known celebreity, probably starring in movies which is handsome and lean. maybe something like jacob elordi or christian bale.","i'd choose emma watson she's known for her practical approach to personal care, advocates for sustainability, and uses products with non-harmful ingredients her consistency and health-conscious choices align with my values",0.7201094031333923,1,major mismatch,"The AI completely changed the celebrity choice from male movie stars to a female actress, inventing entirely new reasons related to sustainability and health-consciousness that were not present in the human's original, concise answer."
8,product preferences,"for body wash, i would go with a big size as it is more efficient, but glass bottle and transparent, minimalistic.","for a body wash, i prefer a 250-300 ml glass bottle with a pump dispenser for ease of use the packaging should be clean and clear, with detailed ingredient information and usage instructions natural and organic ingredients are a must, and the design should be practical and informative",0.7073741555213928,2,unsupported additions,"The AI preserves some key preferences like 'glass bottle' and 'transparent' but significantly deviates by specifying a volume that may not align with 'big size', adding numerous unmentioned preferences (pump, detailed info, organic ingredients), and completely missing the human's stated reasoning for size. The style is also more elaborate than the human's concise response."
6,product preferences,i'm actually not 100%% confident of the branding of my current body lotion. i think the current bottle is from niveau and the previous one was a cost-efficient discounter (no-name) brand.,i usually buy nivea for skincare and body wash products because they are reliable and have been effective for me over time i also sometimes pick up no-name brands if they have a good price-to-performance ratio i prefer sticking to what i know works well and fits into my routine,0.701133668422699,1,unsupported additions,"The AI significantly altered the human's response by removing the stated uncertainty, inventing reasons for brand preferences, and generalizing product categories. The style became more confident and detailed than the original, leading to a very poor simulation."
